<?xml version="1.0" encoding="UTF-8"?>
<!DOCTYPE mapper
  PUBLIC "-//mybatis.org//DTD Mapper 3.0//EN"
  "http://mybatis.org/dtd/mybatis-3-mapper.dtd">
<mapper namespace="org.zerock.mapper.BoardMapper">
  
  <insert id="insert">
  insert into tbl_board (title, content, writer)
  values (#{title} , #{content} , #{writer} )  
  </insert>
  
  <select id="select" resultType="BoardVO">
  select * from tbl_board where bno = #{bno}
  </select>
    <select id="selectPage" resultType="BoardVO">
  select * from tbl_board where bno > 0 order by bno desc limit #{skip}, #{amount}
  </select>
  
  <update id="update">
  update tbl_board set title = #{title}, content= #{content}
  where bno = #{bno}
  </update>
  
  
</mapper>  
